class,auc
Dropout,0.8877252700897565
Enrolled,0.7799738378640608
Graduate,0.9108964995965394
