class,support_vectors,ratio
Dropout,679,0.30737890448166594
Enrolled,586,0.26527840651878676
Graduate,944,0.4273426889995473
