class,auc
Dropout,0.8926935155023318
Enrolled,0.7927257133946671
Graduate,0.9193947070059141
