class,auc
Dropout,0.8921076375055659
Enrolled,0.8026707902351127
Graduate,0.9236233823274056
