class,auc
Dropout,0.8521185348363057
Enrolled,0.7363515082211479
Graduate,0.8931901984617427
